{
  "combined": {
    "cnn_f1": 0.7643523119882626,
    "cnn_precision": 0.637281982479678,
    "cnn_recall": 0.9547174272877749,
    "lr_f1": 0.7812828601472135,
    "lr_precision": 0.6442196531791907,
    "lr_recall": 0.9924309884238647,
    "n_train": 2250,
    "n_test": 15119
  },
  "Online Review": {
    "cnn_f1": 0.4802811401796173,
    "cnn_precision": 0.3276505061267981,
    "cnn_recall": 0.8991228070175439,
    "lr_f1": 0.42917251051893407,
    "lr_precision": 0.27419354838709675,
    "lr_recall": 0.9870967741935484,
    "n_train": 2250,
    "n_test": 2134
  },
  "Social Media": {
    "cnn_f1": 0.695253682487725,
    "cnn_precision": 0.5651942522618414,
    "cnn_recall": 0.9030612244897959,
    "lr_f1": 0.6543602800763845,
    "lr_precision": 0.4904580152671756,
    "lr_recall": 0.982791586998088,
    "n_train": 2250,
    "n_test": 2500
  },
  "Online Ad": {
    "cnn_f1": 0.984599763073278,
    "cnn_precision": 0.9696666666666667,
    "cnn_recall": 1.0,
    "lr_f1": 0.9866465104560342,
    "lr_precision": 0.9755854509217738,
    "lr_recall": 0.9979612640163099,
    "n_train": 2250,
    "n_test": 3000
  },
  "Article": {
    "cnn_f1": 0.4009615384615385,
    "cnn_precision": 0.2567733990147783,
    "cnn_recall": 0.9144736842105263,
    "lr_f1": 0.33455210237659966,
    "lr_precision": 0.20154185022026433,
    "lr_recall": 0.9838709677419355,
    "n_train": 2250,
    "n_test": 2034
  },
  "Forum Post": {
    "cnn_f1": 0.8867851622874807,
    "cnn_precision": 0.8267291066282421,
    "cnn_recall": 0.95625,
    "lr_f1": 0.9227906976744186,
    "lr_precision": 0.8631090487238979,
    "lr_recall": 0.9913391072618255,
    "n_train": 2250,
    "n_test": 3000
  },
  "Blog/News Article Comment": {
    "cnn_f1": 0.6590724165988608,
    "cnn_precision": 0.49846153846153846,
    "cnn_recall": 0.9723889555822329,
    "lr_f1": 0.38571428571428573,
    "lr_precision": 0.24,
    "lr_recall": 0.9818181818181818,
    "n_train": 2250,
    "n_test": 2451
  }
}