{
  "combined": {
    "cnn_f1": 0.9623703703703703,
    "cnn_precision": 0.9643705463182898,
    "cnn_recall": 0.9603784742755765,
    "lr_f1": 0.7931034482758621,
    "lr_precision": 0.6663983903420523,
    "lr_recall": 0.9793021880544057,
    "pipeline_f1": 0.9606488434965456,
    "pipeline_precision": 0.9761904761904762,
    "pipeline_recall": 0.9455943228858663,
    "TP": 1599,
    "FP": 39,
    "FN": 92,
    "TN": 1293
  },
  "per_type": {
    "Article": {
      "cnn_f1": 0.87,
      "cnn_precision": 0.87,
      "cnn_recall": 0.87,
      "lr_f1": 0.46596858638743455,
      "lr_precision": 0.31560283687943264,
      "lr_recall": 0.89,
      "pipeline_f1": 0.8387096774193549,
      "pipeline_precision": 0.9069767441860465,
      "pipeline_recall": 0.78,
      "TP": 78,
      "FP": 8,
      "FN": 22,
      "TN": 314
    },
    "Online_Review": {
      "cnn_f1": 0.9596774193548387,
      "cnn_precision": 0.9596774193548387,
      "cnn_recall": 0.9596774193548387,
      "lr_f1": 0.5286343612334802,
      "lr_precision": 0.36363636363636365,
      "lr_recall": 0.967741935483871,
      "pipeline_f1": 0.9469387755102041,
      "pipeline_precision": 0.9586776859504132,
      "pipeline_recall": 0.9354838709677419,
      "TP": 116,
      "FP": 5,
      "FN": 8,
      "TN": 294
    },
    "Forum_Post": {
      "cnn_f1": 0.9556756756756757,
      "cnn_precision": 0.9692982456140351,
      "cnn_recall": 0.9424307036247335,
      "lr_f1": 0.9209209209209209,
      "lr_precision": 0.8679245283018868,
      "lr_recall": 0.9808102345415778,
      "pipeline_f1": 0.9540481400437637,
      "pipeline_precision": 0.9797752808988764,
      "pipeline_recall": 0.929637526652452,
      "TP": 436,
      "FP": 9,
      "FN": 33,
      "TN": 95
    },
    "Online_Ad": {
      "cnn_f1": 0.9931856899488927,
      "cnn_precision": 0.988135593220339,
      "cnn_recall": 0.9982876712328768,
      "lr_f1": 0.9940425531914894,
      "lr_precision": 0.988155668358714,
      "lr_recall": 1.0,
      "pipeline_f1": 0.9957301451750641,
      "pipeline_precision": 0.9931856899488927,
      "pipeline_recall": 0.9982876712328768,
      "TP": 583,
      "FP": 4,
      "FN": 1,
      "TN": 11
    },
    "Social_Media": {
      "cnn_f1": 0.9307359307359307,
      "cnn_precision": 0.9188034188034188,
      "cnn_recall": 0.9429824561403509,
      "lr_f1": 0.7236842105263158,
      "lr_precision": 0.5789473684210527,
      "lr_recall": 0.9649122807017544,
      "pipeline_f1": 0.9309576837416481,
      "pipeline_precision": 0.9457013574660633,
      "pipeline_recall": 0.9166666666666666,
      "TP": 209,
      "FP": 12,
      "FN": 19,
      "TN": 262
    },
    "Blog_News_Article_Comment": {
      "cnn_f1": 0.9726775956284153,
      "cnn_precision": 0.9888888888888889,
      "cnn_recall": 0.956989247311828,
      "lr_f1": 0.6559139784946236,
      "lr_precision": 0.49193548387096775,
      "lr_recall": 0.9838709677419355,
      "pipeline_f1": 0.9725274725274725,
      "pipeline_precision": 0.9943820224719101,
      "pipeline_recall": 0.9516129032258065,
      "TP": 177,
      "FP": 1,
      "FN": 9,
      "TN": 317
    }
  }
}