{
  "cnn_f1": 0.748415622697126,
  "cnn_precision": 0.6402454400268975,
  "cnn_recall": 0.9005675100496572,
  "pipeline_f1": 0.7505355986248816,
  "pipeline_precision": 0.648583484026522,
  "pipeline_recall": 0.8905178529203122,
  "TP": 7532,
  "FP": 4081,
  "FN": 926,
  "TN": 2580
}